Mesorregião,Cidade
Sertão Pernambucano,Araripina
Sertão Pernambucano,Bodocó
Sertão Pernambucano,Exu
Sertão Pernambucano,Granito
Sertão Pernambucano,Ipubi
Sertão Pernambucano,Moreilândia
Sertão Pernambucano,Ouricuri
Sertão Pernambucano,Santa Cruz
Sertão Pernambucano,Santa Filomena
Sertão Pernambucano,Trindade
Sertão Pernambucano,Cedro
Sertão Pernambucano,Mirandiba
Sertão Pernambucano,Parnamirim
Sertão Pernambucano,Salgueiro
Sertão Pernambucano,São José do Belmonte
Sertão Pernambucano,Serrita
Sertão Pernambucano,Verdejante
Sertão Pernambucano,Afogados da Ingazeira
Sertão Pernambucano,Brejinho
Sertão Pernambucano,Calumbi
Sertão Pernambucano,Carnaíba
Sertão Pernambucano,Flores
Sertão Pernambucano,Iguaracy
Sertão Pernambucano,Ingazeira
Sertão Pernambucano,Itapetim
Sertão Pernambucano,Quixaba
Sertão Pernambucano,Santa Cruz da Baixa Verde
Sertão Pernambucano,Santa Terezinha
Sertão Pernambucano,São José do Egito
Sertão Pernambucano,Serra Talhada
Sertão Pernambucano,Solidão
Sertão Pernambucano,Tabira
Sertão Pernambucano,Triunfo
Sertão Pernambucano,Tuparetama
Sertão Pernambucano,Arcoverde
Sertão Pernambucano,Betânia
Sertão Pernambucano,Custódia
Sertão Pernambucano,Ibimirim
Sertão Pernambucano,Inajá
Sertão Pernambucano,Manari
Sertão Pernambucano,Sertânia
São Francisco Pernambucano,Afrânio
São Francisco Pernambucano,Cabrobó
São Francisco Pernambucano,Dormentes
São Francisco Pernambucano,Lagoa Grande
São Francisco Pernambucano,Orocó
São Francisco Pernambucano,Petrolina
São Francisco Pernambucano,Santa Maria da Boa Vista
São Francisco Pernambucano,Terra Nova
São Francisco Pernambucano,Belém do São Francisco
São Francisco Pernambucano,Carnaubeira da Penha
São Francisco Pernambucano,Floresta
São Francisco Pernambucano,Itacuruba
São Francisco Pernambucano,Jatobá
São Francisco Pernambucano,Petrolândia
São Francisco Pernambucano,Tacaratu
Agreste Pernambucano,Águas Belas
Agreste Pernambucano,Buíque
Agreste Pernambucano,Itaíba
Agreste Pernambucano,Pedra
Agreste Pernambucano,Tupanatinga
Agreste Pernambucano,Venturosa
Agreste Pernambucano,Alagoinha
Agreste Pernambucano,Belo Jardim
Agreste Pernambucano,Bezerros
Agreste Pernambucano,Brejo da Madre de Deus
Agreste Pernambucano,Cachoeirinha
Agreste Pernambucano,Capoeiras
Agreste Pernambucano,Caruaru
Agreste Pernambucano,Gravatá
Agreste Pernambucano,Jataúba
Agreste Pernambucano,Pesqueira
Agreste Pernambucano,Poção
Agreste Pernambucano,Riacho das Almas
Agreste Pernambucano,Sanharó
Agreste Pernambucano,São Bento do Una
Agreste Pernambucano,São Caetano
Agreste Pernambucano,Tacaimbó
Agreste Pernambucano,Casinhas
Agreste Pernambucano,Frei Miguelinho
Agreste Pernambucano,Santa Cruz do Capibaribe
Agreste Pernambucano,Santa Maria do Cambucá
Agreste Pernambucano,Surubim
Agreste Pernambucano,Taquaritinga do Norte
Agreste Pernambucano,Toritama
Agreste Pernambucano,Vertente do Lério
Agreste Pernambucano,Vertentes
Agreste Pernambucano,Bom Jardim
Agreste Pernambucano,Cumaru
Agreste Pernambucano,Feira Nova
Agreste Pernambucano,João Alfredo
Agreste Pernambucano,Limoeiro
Agreste Pernambucano,Machados
Agreste Pernambucano,Orobó
Agreste Pernambucano,Passira
Agreste Pernambucano,Salgadinho
Agreste Pernambucano,São Vicente Férrer
Agreste Pernambucano,Angelim
Agreste Pernambucano,Bom Conselho
Agreste Pernambucano,Brejão
Agreste Pernambucano,Caetés
Agreste Pernambucano,Calçado
Agreste Pernambucano,Canhotinho
Agreste Pernambucano,Correntes
Agreste Pernambucano,Garanhuns
Agreste Pernambucano,Iati
Agreste Pernambucano,Jucati
Agreste Pernambucano,Jupi
Agreste Pernambucano,Jurema
Agreste Pernambucano,Lagoa do Ouro
Agreste Pernambucano,Lajedo
Agreste Pernambucano,Palmeirina
Agreste Pernambucano,Paranatama
Agreste Pernambucano,Saloá
Agreste Pernambucano,São João
Agreste Pernambucano,Terezinha
Agreste Pernambucano,Agrestina
Agreste Pernambucano,Altinho
Agreste Pernambucano,Barra de Guabiraba
Agreste Pernambucano,Bonito
Agreste Pernambucano,Camocim de São Félix
Agreste Pernambucano,Cupira
Agreste Pernambucano,Ibirajuba
Agreste Pernambucano,Lagoa dos Gatos
Agreste Pernambucano,Panelas
Agreste Pernambucano,Sairé
Agreste Pernambucano,São Joaquim do Monte
Mata Pernambucana,Aliança
Mata Pernambucana,Buenos Aires
Mata Pernambucana,Camutanga
Mata Pernambucana,Carpina
Mata Pernambucana,Condado
Mata Pernambucana,Ferreiros
Mata Pernambucana,Goiana
Mata Pernambucana,Itambé
Mata Pernambucana,Itaquitinga
Mata Pernambucana,Lagoa de Itaenga
Mata Pernambucana,Lagoa do Carro
Mata Pernambucana,Macaparana
Mata Pernambucana,Nazaré da Mata
Mata Pernambucana,Paudalho
Mata Pernambucana,Timbaúba
Mata Pernambucana,Tracunhaém
Mata Pernambucana,Vicência
Mata Pernambucana,Chã de Alegria
Mata Pernambucana,Chã Grande
Mata Pernambucana,Glória do Goitá
Mata Pernambucana,Pombos
Mata Pernambucana,Vitória de Santo Antão
Mata Pernambucana,Água Preta
Mata Pernambucana,Amaraji
Mata Pernambucana,Barreiros
Mata Pernambucana,Belém de Maria
Mata Pernambucana,Catende
Mata Pernambucana,Cortês
Mata Pernambucana,Escada
Mata Pernambucana,Gameleira
Mata Pernambucana,Jaqueira
Mata Pernambucana,Joaquim Nabuco
Mata Pernambucana,Maraial
Mata Pernambucana,Palmares
Mata Pernambucana,Primavera
Mata Pernambucana,Quipapá
Mata Pernambucana,Ribeirão
Mata Pernambucana,Rio Formoso
Mata Pernambucana,São Benedito do Sul
Mata Pernambucana,São José da Coroa Grande
Mata Pernambucana,Sirinhaém
Mata Pernambucana,Tamandaré
Mata Pernambucana,Xexéu
Metropolitana do Recife,Araçoiaba
Metropolitana do Recife,Igarassu
Metropolitana do Recife,Ilha de Itamaracá
Metropolitana do Recife,Itapissuma
Metropolitana do Recife,Abreu e Lima
Metropolitana do Recife,Camaragibe
Metropolitana do Recife,Jaboatão dos Guararapes
Metropolitana do Recife,Moreno
Metropolitana do Recife,Olinda
Metropolitana do Recife,Paulista
Metropolitana do Recife,Recife
Metropolitana do Recife,São Lourenço da Mata
Metropolitana do Recife,Cabo de Santo Agostinho
Metropolitana do Recife,Ipojuca
Metropolitana do Recife,Fernando de Noronha